{"stats":{"minecraft:picked_up":{"minecraft:chicken":1,"minecraft:wheat_seeds":1},"minecraft:custom":{"minecraft:jump":23,"minecraft:time_since_rest":4044,"minecraft:damage_dealt":60,"minecraft:leave_game":2,"minecraft:play_time":4044,"minecraft:sprint_one_cm":2354,"minecraft:damage_taken":20,"minecraft:time_since_death":4044,"minecraft:walk_one_cm":7542,"minecraft:total_world_time":4044,"minecraft:mob_kills":1,"minecraft:fall_one_cm":900,"minecraft:fly_one_cm":1806},"minecraft:killed":{"minecraft:chicken":1},"minecraft:mined":{"minecraft:large_fern":4,"minecraft:spruce_leaves":1}},"DataVersion":3465}