{"stats":{"minecraft:picked_up":{"minecraft:wheat_seeds":1},"minecraft:custom":{"minecraft:jump":22,"minecraft:time_since_rest":2679,"minecraft:damage_dealt":20,"minecraft:leave_game":1,"minecraft:sprint_one_cm":2354,"minecraft:play_time":2679,"minecraft:damage_taken":20,"minecraft:time_since_death":2679,"minecraft:walk_one_cm":6150,"minecraft:total_world_time":2679,"minecraft:fall_one_cm":900,"minecraft:fly_one_cm":1806},"minecraft:mined":{"minecraft:large_fern":4,"minecraft:spruce_leaves":1}},"DataVersion":3465}