{"stats":{"minecraft:custom":{"minecraft:time_since_rest":7643,"minecraft:sprint_one_cm":138777,"minecraft:damage_taken":1445,"minecraft:walk_one_cm":165978,"minecraft:mob_kills":17,"minecraft:damage_dealt":3749,"minecraft:swim_one_cm":2501,"minecraft:fly_one_cm":404344,"minecraft:crouch_one_cm":77,"minecraft:play_time":40954,"minecraft:deaths":4,"minecraft:sneak_time":64,"minecraft:walk_under_water_one_cm":3879,"minecraft:jump":594,"minecraft:time_since_death":7619,"minecraft:leave_game":3,"minecraft:walk_on_water_one_cm":2563,"minecraft:total_world_time":40954,"minecraft:fall_one_cm":18994},"minecraft:killed":{"minecraft:skeleton":1,"dungeonsweaponry:mountaineer":1,"mythicmounts:acencia":2,"minecraft:pillager":1,"minecraft:zombie":5,"minecraft:pig":1,"minecraft:chicken":2,"the_awakening_of_the_elder_souls:golden_creeper":2,"minecraft:spider":1,"untamedwilds:boar":1},"minecraft:crafted":{"minecraft:crafting_table":1,"minecraft:spruce_planks":12,"minecraft:stick":4},"minecraft:used":{"minecraft:chicken":2,"minecraft:blackstone":3,"minecraft:gravel":1,"minecraft:rotten_flesh":3,"minecraft:golden_apple":1,"minecraft:cobblestone":4,"minecraft:porkchop":1,"alexsmobs:animal_dictionary":1,"minecraft:coarse_dirt":4},"minecraft:mined":{"minecraft:large_fern":1,"minecraft:coarse_dirt":4,"minecraft:blackstone":3,"minecraft:spruce_log":3,"minecraft:powder_snow":5,"minecraft:grass_block":1,"minecraft:gravel":1,"minecraft:spruce_leaves":8,"minecraft:stone":4},"minecraft:picked_up":{"iceandfire:dragonbone":2,"minecraft:coarse_dirt":4,"minecraft:chicken":2,"minecraft:feather":1,"minecraft:leather":1,"minecraft:gravel":1,"minecraft:porkchop":1,"minecraft:spruce_log":3,"minecraft:spider_eye":1,"minecraft:dirt":1,"iceandfire:dragon_skull_ice":1,"minecraft:arrow":2,"minecraft:bone":2,"minecraft:blackstone":3,"minecraft:rotten_flesh":3,"untamedwilds:material_fat":1,"minecraft:golden_apple":1,"minecraft:gold_ingot":2,"minecraft:cobblestone":4,"minecraft:egg":2}},"DataVersion":3465}