{"stats":{"minecraft:picked_up":{"minecraft:rotten_flesh":3,"minecraft:gold_ingot":2,"minecraft:spruce_log":3},"minecraft:used":{"minecraft:rotten_flesh":3,"alexsmobs:animal_dictionary":1},"minecraft:custom":{"minecraft:time_since_rest":746,"minecraft:play_time":21515,"minecraft:sprint_one_cm":73450,"minecraft:deaths":2,"minecraft:damage_taken":565,"minecraft:walk_one_cm":87105,"minecraft:walk_under_water_one_cm":3780,"minecraft:mob_kills":9,"minecraft:jump":332,"minecraft:walk_on_water_one_cm":1954,"minecraft:damage_dealt":1957,"minecraft:leave_game":1,"minecraft:time_since_death":713,"minecraft:total_world_time":21515,"minecraft:swim_one_cm":1448,"minecraft:fall_one_cm":8189,"minecraft:fly_one_cm":245815},"minecraft:crafted":{"minecraft:crafting_table":1,"minecraft:spruce_planks":12,"minecraft:stick":4},"minecraft:mined":{"minecraft:spruce_log":3,"minecraft:spruce_leaves":7},"minecraft:killed":{"the_awakening_of_the_elder_souls:golden_creeper":1,"dungeonsweaponry:mountaineer":1,"mythicmounts:acencia":2,"minecraft:pillager":1,"minecraft:zombie":4}},"DataVersion":3465}