{"stats":{"minecraft:used":{"minecraft:blackstone":3,"minecraft:gravel":1,"minecraft:rotten_flesh":3,"minecraft:cobblestone":4,"alexsmobs:animal_dictionary":1,"minecraft:coarse_dirt":1},"minecraft:picked_up":{"minecraft:coarse_dirt":1,"minecraft:leather":1,"minecraft:gravel":1,"minecraft:spruce_log":3,"minecraft:spider_eye":1,"minecraft:bone":1,"minecraft:blackstone":3,"minecraft:rotten_flesh":3,"untamedwilds:material_fat":1,"minecraft:gold_ingot":2,"minecraft:cobblestone":4},"minecraft:custom":{"minecraft:time_since_rest":1470,"minecraft:sprint_one_cm":98150,"minecraft:damage_taken":905,"minecraft:walk_one_cm":104265,"minecraft:mob_kills":11,"minecraft:damage_dealt":2417,"minecraft:swim_one_cm":1448,"minecraft:fly_one_cm":301744,"minecraft:play_time":27938,"minecraft:deaths":3,"minecraft:walk_under_water_one_cm":3780,"minecraft:jump":442,"minecraft:time_since_death":1437,"minecraft:leave_game":2,"minecraft:walk_on_water_one_cm":2069,"minecraft:total_world_time":27938,"minecraft:fall_one_cm":12522},"minecraft:crafted":{"minecraft:crafting_table":1,"minecraft:spruce_planks":12,"minecraft:stick":4},"minecraft:mined":{"minecraft:coarse_dirt":1,"minecraft:blackstone":3,"minecraft:spruce_log":3,"minecraft:gravel":1,"minecraft:spruce_leaves":7,"minecraft:stone":4},"minecraft:killed":{"dungeonsweaponry:mountaineer":1,"mythicmounts:acencia":2,"minecraft:pillager":1,"minecraft:zombie":4,"the_awakening_of_the_elder_souls:golden_creeper":1,"minecraft:spider":1,"untamedwilds:boar":1}},"DataVersion":3465}