{"stats":{"minecraft:custom":{"minecraft:time_since_rest":5298,"minecraft:sprint_one_cm":109777,"minecraft:damage_taken":1115,"minecraft:walk_one_cm":145432,"minecraft:mob_kills":16,"minecraft:damage_dealt":3247,"minecraft:swim_one_cm":1448,"minecraft:fly_one_cm":315874,"minecraft:play_time":31766,"minecraft:deaths":3,"minecraft:walk_under_water_one_cm":3780,"minecraft:jump":497,"minecraft:time_since_death":5265,"minecraft:leave_game":2,"minecraft:walk_on_water_one_cm":2069,"minecraft:total_world_time":31766,"minecraft:fall_one_cm":14607},"minecraft:killed":{"minecraft:skeleton":1,"dungeonsweaponry:mountaineer":1,"mythicmounts:acencia":2,"minecraft:pillager":1,"minecraft:zombie":5,"minecraft:pig":1,"minecraft:chicken":2,"the_awakening_of_the_elder_souls:golden_creeper":1,"minecraft:spider":1,"untamedwilds:boar":1},"minecraft:crafted":{"minecraft:crafting_table":1,"minecraft:spruce_planks":12,"minecraft:stick":4},"minecraft:used":{"minecraft:chicken":2,"minecraft:blackstone":3,"minecraft:gravel":1,"minecraft:rotten_flesh":3,"minecraft:cobblestone":4,"minecraft:porkchop":1,"alexsmobs:animal_dictionary":1,"minecraft:coarse_dirt":1},"minecraft:mined":{"minecraft:coarse_dirt":1,"minecraft:blackstone":3,"minecraft:spruce_log":3,"minecraft:grass_block":1,"minecraft:gravel":1,"minecraft:spruce_leaves":8,"minecraft:stone":4},"minecraft:picked_up":{"minecraft:coarse_dirt":1,"minecraft:chicken":2,"minecraft:feather":1,"minecraft:leather":1,"minecraft:gravel":1,"minecraft:porkchop":1,"minecraft:spruce_log":3,"minecraft:spider_eye":1,"minecraft:dirt":1,"minecraft:arrow":2,"minecraft:bone":2,"minecraft:blackstone":3,"minecraft:rotten_flesh":3,"untamedwilds:material_fat":1,"minecraft:gold_ingot":2,"minecraft:cobblestone":4,"minecraft:egg":2}},"DataVersion":3465}